{
"lengthUnit": "mil",
"components": {
	"fields": ["COMPONENT_NO", "COMPONENT_NAME", "LAYER", "X_COORDINATE", "Y_COORDINATE", "ANGLE"],
	"rows": [
		[1, "C1", "T", 378.18, 958.09, 0],
		[2, "C2", "T", 575.5, 948.09, 0],
		[3, "C3", "T", 922.62, 1181.25, 0],
		[4, "C4", "T", 719.32, 766.88, 90],
		[5, "C5", "T", 1257.54, 550.52, 270],
		[6, "C6", "T", 1145, 1180, 180],
		[7, "C7", "T", 1208.17, 698.62, 0],
		[8, "C8", "T", 1390, 780, 90],
		[9, "C9", "T", 915, 195, 180],
		[10, "C10", "B", 905.63, 889.37, 180],
		[11, "C11", "B", 1585, 975, 90],
		[12, "C14", "T", 356.85, 520.08, 90],
		[13, "C15", "T", 1890, 1120, 270],
		[14, "C16", "T", 1985, 850, 0],
		[15, "C17", "T", 1655, 520, 0],
		[16, "C18", "T", 185, 530, 270],
		[17, "C19", "T", 1250, 1020, 180],
		[18, "CN1", "T", 115, 908.42, 90],
		[19, "CN2", "T", 120, 285, 90],
		[20, "CN3", "T", 2012.38, 447.82, 270],
		[21, "D1", "T", 1610, 165, 90],
		[22, "D2", "T", 1605, 360, 270],
		[23, "H1", "T", 1770, 280, 270],
		[24, "H2", "T", 1770, 705, 90],
		[25, "R1", "T", 716.43, 1006.62, 270],
		[26, "R2", "T", 925, 450, 0],
		[27, "R3", "T", 774.3, 596.15, 0],
		[28, "R4", "T", 560, 340, 0],
		[29, "R5", "T", 560, 195, 0],
		[30, "R6", "T", 948.8, 593.89, 0],
		[31, "R7", "T", 1120.85, 593.89, 0],
		[32, "R8", "T", 1437.84, 425.99, 0],
		[33, "R9", "T", 1247.2, 835.99, 0],
		[34, "R10", "T", 928.74, 335, 180],
		[35, "R12", "T", 1575, 1125, 0],
		[36, "R13", "T", 1825, 905, 90],
		[37, "R14", "T", 1450, 560, 0],
		[38, "U1", "T", 955, 895, 270],
		[39, "U2", "T", 580, 835, 0],
		[40, "U3", "T", 1585, 975, 270],
		[41, "U4", "T", 1610, 1280, 90],
		[42, "U5", "T", 1430, 230, 180]
	]
},
"pins": {
	"fields": ["PIN_NO", "PIN_NAME", "PIN_X", "PIN_Y", "LAYER", "PIN_TYPE", "NET_NAME", "NET_TYPE", "PAD_SHAPE", "PAD_SIZEX", "PAD_SIZEY", "HOLE_SIZE", "PAD_ANGLE"],
	"rows": [
		[1, "C1_1", 338.81, 958.09, "T", "SMD", "$1N641", "", "R", 55.51, 53.15, 0, 0],
		[2, "C1_2", 417.55, 958.09, "T", "SMD", "$1N645", "", "R", 55.51, 53.15, 0, 0],
		[3, "C2_1", 536.13, 948.09, "T", "SMD", "$1N645", "", "R", 55.51, 53.15, 0, 0],
		[4, "C2_2", 614.87, 948.09, "T", "SMD", "$1N668", "", "R", 55.51, 53.15, 0, 0],
		[5, "C3_1", 883.25, 1181.25, "T", "SMD", "$1N661", "", "R", 55.51, 53.15, 0, 0],
		[6, "C3_2", 961.99, 1181.25, "T", "SMD", "$1N1175", "", "R", 55.51, 53.15, 0, 0],
		[7, "C4_1", 719.32, 727.51, "T", "SMD", "$1N1175", "", "R", 55.51, 53.15, 0, 90],
		[8, "C4_2", 719.32, 806.25, "T", "SMD", "$1N1197", "", "R", 55.51, 53.15, 0, 90],
		[9, "C5_1", 1257.54, 589.89, "T", "SMD", "$1N1820", "", "R", 55.51, 53.15, 0, 270],
		[10, "C5_2", 1257.54, 511.15, "T", "SMD", "$1N2192", "", "R", 55.51, 53.15, 0, 270],
		[11, "C6_1", 1184.37, 1180, "T", "SMD", "$1N1848", "", "R", 55.51, 53.15, 0, 180],
		[12, "C6_2", 1105.63, 1180, "T", "SMD", "$1N1839", "", "R", 55.51, 53.15, 0, 180],
		[13, "C7_1", 1168.8, 698.62, "T", "SMD", "$1N2197", "", "R", 55.51, 53.15, 0, 0],
		[14, "C7_2", 1247.54, 698.62, "T", "SMD", "AGND", "", "R", 55.51, 53.15, 0, 0],
		[15, "C8_1", 1390, 740.63, "T", "SMD", "AGND", "", "R", 55.51, 53.15, 0, 90],
		[16, "C8_2", 1390, 819.37, "T", "SMD", "$1N1844", "", "R", 55.51, 53.15, 0, 90],
		[17, "C9_1", 954.37, 195, "T", "SMD", "AGND", "", "R", 55.51, 53.15, 0, 180],
		[18, "C9_2", 875.63, 195, "T", "SMD", "+6V", "", "R", 55.51, 53.15, 0, 180],
		[19, "C10_1", 945, 889.37, "B", "SMD", "AGND", "", "R", 55.51, 53.15, 0, 180],
		[20, "C10_2", 866.26, 889.37, "B", "SMD", "+12V", "", "R", 55.51, 53.15, 0, 180],
		[21, "C11_1", 1585, 935.63, "B", "SMD", "AGND", "", "R", 55.51, 53.15, 0, 90],
		[22, "C11_2", 1585, 1014.37, "B", "SMD", "+12V", "", "R", 55.51, 53.15, 0, 90],
		[23, "C14_1", 356.85, 490.55, "T", "DIP", "+12V", "", "C", 47.24, 47.24, 31.5, 180],
		[24, "C14_1", 356.85, 490.55, "B", "DIP", "+12V", "", "C", 47.24, 47.24, 31.5, 180],
		[25, "C14_2", 356.85, 549.61, "T", "DIP", "AGND", "", "C", 47.24, 47.24, 31.5, 180],
		[26, "C14_2", 356.85, 549.61, "B", "DIP", "AGND", "", "C", 47.24, 47.24, 31.5, 180],
		[27, "C15_1", 1890, 1149.53, "T", "DIP", "$1N4253", "", "C", 47.24, 47.24, 31.5, 0],
		[28, "C15_1", 1890, 1149.53, "B", "DIP", "$1N4253", "", "C", 47.24, 47.24, 31.5, 0],
		[29, "C15_2", 1890, 1090.47, "T", "DIP", "AGND", "", "C", 47.24, 47.24, 31.5, 0],
		[30, "C15_2", 1890, 1090.47, "B", "DIP", "AGND", "", "C", 47.24, 47.24, 31.5, 0],
		[31, "C16_1", 1955.47, 850, "T", "DIP", "$1N3655", "", "C", 47.24, 47.24, 31.5, 90],
		[32, "C16_1", 1955.47, 850, "B", "DIP", "$1N3655", "", "C", 47.24, 47.24, 31.5, 90],
		[33, "C16_2", 2014.53, 850, "T", "DIP", "AGND", "", "C", 47.24, 47.24, 31.5, 90],
		[34, "C16_2", 2014.53, 850, "B", "DIP", "AGND", "", "C", 47.24, 47.24, 31.5, 90],
		[35, "C17_1", 1625.47, 520, "T", "DIP", "$1N3672", "", "C", 47.24, 47.24, 31.5, 90],
		[36, "C17_1", 1625.47, 520, "B", "DIP", "$1N3672", "", "C", 47.24, 47.24, 31.5, 90],
		[37, "C17_2", 1684.53, 520, "T", "DIP", "$1N4192", "", "C", 47.24, 47.24, 31.5, 90],
		[38, "C17_2", 1684.53, 520, "B", "DIP", "$1N4192", "", "C", 47.24, 47.24, 31.5, 90],
		[39, "C18_1", 185, 569.37, "T", "SMD", "AGND", "", "R", 55.51, 53.15, 0, 270],
		[40, "C18_2", 185, 490.63, "T", "SMD", "+12V", "", "R", 55.51, 53.15, 0, 270],
		[41, "C19_1", 1279.53, 1020, "T", "DIP", "$1N2821", "", "C", 47.24, 47.24, 31.5, 270],
		[42, "C19_1", 1279.53, 1020, "B", "DIP", "$1N2821", "", "C", 47.24, 47.24, 31.5, 270],
		[43, "C19_2", 1220.47, 1020, "T", "DIP", "$1N1848", "", "C", 47.24, 47.24, 31.5, 270],
		[44, "C19_2", 1220.47, 1020, "B", "DIP", "$1N1848", "", "C", 47.24, 47.24, 31.5, 270],
		[45, "CN1_1", 115, 859.21, "T", "DIP", "AGND", "", "R", 70.87, 70.87, 43.31, 90],
		[46, "CN1_1", 115, 859.21, "B", "DIP", "AGND", "", "R", 70.87, 70.87, 43.31, 90],
		[47, "CN1_2", 115, 957.63, "T", "DIP", "$1N641", "", "C", 70.87, 70.87, 43.31, 90],
		[48, "CN1_2", 115, 957.63, "B", "DIP", "$1N641", "", "C", 70.87, 70.87, 43.31, 90],
		[49, "CN2_1", 120, 235.79, "T", "DIP", "AGND", "", "R", 70.87, 70.87, 43.31, 90],
		[50, "CN2_1", 120, 235.79, "B", "DIP", "AGND", "", "R", 70.87, 70.87, 43.31, 90],
		[51, "CN2_2", 120, 334.21, "T", "DIP", "+12V", "", "C", 70.87, 70.87, 43.31, 90],
		[52, "CN2_2", 120, 334.21, "B", "DIP", "+12V", "", "C", 70.87, 70.87, 43.31, 90],
		[53, "CN3_1", 2012.38, 497.03, "T", "DIP", "AGND", "", "R", 70.87, 70.87, 43.31, 270],
		[54, "CN3_1", 2012.38, 497.03, "B", "DIP", "AGND", "", "R", 70.87, 70.87, 43.31, 270],
		[55, "CN3_2", 2012.38, 398.61, "T", "DIP", "$1N4192", "", "C", 70.87, 70.87, 43.31, 270],
		[56, "CN3_2", 2012.38, 398.61, "B", "DIP", "$1N4192", "", "C", 70.87, 70.87, 43.31, 270],
		[57, "D1_1", 1647.4, 210.28, "T", "SMD", "$1N3677", "", "R", 39.37, 31.5, 0, 270],
		[58, "D1_2", 1572.6, 210.28, "T", "SMD", "$1N3690", "", "R", 39.37, 31.5, 0, 270],
		[59, "D1_3", 1610, 119.72, "T", "SMD", "$1N3930", "", "R", 39.37, 31.5, 0, 270],
		[60, "D2_1", 1567.6, 316.64, "T", "SMD", "$1N3690", "", "R", 40.85, 20.95, 0, 270],
		[61, "D2_2", 1642.4, 316.64, "T", "SMD", "$1N3677", "", "R", 40.85, 20.95, 0, 270],
		[62, "D2_3", 1605, 403.36, "T", "SMD", "$1N3953", "", "R", 40.85, 20.95, 0, 270],
		[63, "H1_1", 1770, 330, "T", "DIP", "$1N3953", "", "R", 78.74, 78.74, 47.24, 270],
		[64, "H1_1", 1770, 330, "B", "DIP", "$1N3953", "", "R", 78.74, 78.74, 47.24, 270],
		[65, "H1_2", 1770, 230, "T", "DIP", "$1N3930", "", "C", 78.74, 78.74, 47.24, 270],
		[66, "H1_2", 1770, 230, "B", "DIP", "$1N3930", "", "C", 78.74, 78.74, 47.24, 270],
		[67, "H2_1", 1770, 655, "T", "DIP", "$1N3650", "", "R", 78.74, 78.74, 47.24, 90],
		[68, "H2_1", 1770, 655, "B", "DIP", "$1N3650", "", "R", 78.74, 78.74, 47.24, 90],
		[69, "H2_2", 1770, 755, "T", "DIP", "$1N3672", "", "C", 78.74, 78.74, 47.24, 90],
		[70, "H2_2", 1770, 755, "B", "DIP", "$1N3672", "", "C", 78.74, 78.74, 47.24, 90],
		[71, "R1_1", 716.43, 1045.99, "T", "SMD", "+6V", "", "R", 44.59, 54.21, 0, 270],
		[72, "R1_2", 716.43, 967.25, "T", "SMD", "$1N668", "", "R", 44.59, 54.21, 0, 270],
		[73, "R2_1", 885.63, 450, "T", "SMD", "+6V", "", "R", 44.59, 54.21, 0, 0],
		[74, "R2_2", 964.37, 450, "T", "SMD", "$1N1197", "", "R", 44.59, 54.21, 0, 0],
		[75, "R3_1", 734.93, 596.15, "T", "SMD", "$1N1175", "", "R", 44.59, 54.21, 0, 0],
		[76, "R3_2", 813.67, 596.15, "T", "SMD", "$1N1190", "", "R", 44.59, 54.21, 0, 0],
		[77, "R4_1", 353.31, 340, "T", "DIP", "+12V", "", "C", 62.99, 62.99, 36, 0],
		[78, "R4_1", 353.31, 340, "B", "DIP", "+12V", "", "C", 62.99, 62.99, 36, 0],
		[79, "R4_2", 766.69, 340, "T", "DIP", "+6V", "", "C", 62.99, 62.99, 36, 0],
		[80, "R4_2", 766.69, 340, "B", "DIP", "+6V", "", "C", 62.99, 62.99, 36, 0],
		[81, "R5_1", 353.31, 195, "T", "DIP", "AGND", "", "C", 62.99, 62.99, 36, 0],
		[82, "R5_1", 353.31, 195, "B", "DIP", "AGND", "", "C", 62.99, 62.99, 36, 0],
		[83, "R5_2", 766.69, 195, "T", "DIP", "+6V", "", "C", 62.99, 62.99, 36, 0],
		[84, "R5_2", 766.69, 195, "B", "DIP", "+6V", "", "C", 62.99, 62.99, 36, 0],
		[85, "R6_1", 909.43, 593.89, "T", "SMD", "$1N1190", "", "R", 44.59, 54.21, 0, 0],
		[86, "R6_2", 988.17, 593.89, "T", "SMD", "$1N2192", "", "R", 44.59, 54.21, 0, 0],
		[87, "R7_1", 1081.48, 593.89, "T", "SMD", "$1N2192", "", "R", 44.59, 54.21, 0, 0],
		[88, "R7_2", 1160.22, 593.89, "T", "SMD", "$1N2197", "", "R", 44.59, 54.21, 0, 0],
		[89, "R8_1", 1398.47, 425.99, "T", "SMD", "$1N1820", "", "R", 44.59, 54.21, 0, 0],
		[90, "R8_2", 1477.21, 425.99, "T", "SMD", "$1N1839", "", "R", 44.59, 54.21, 0, 0],
		[91, "R9_1", 1207.83, 835.99, "T", "SMD", "$1N1839", "", "R", 44.59, 54.21, 0, 0],
		[92, "R9_2", 1286.57, 835.99, "T", "SMD", "$1N1844", "", "R", 44.59, 54.21, 0, 0],
		[93, "R10_1", 968.11, 335, "T", "SMD", "$1N2821", "", "R", 44.59, 54.21, 0, 180],
		[94, "R10_2", 889.37, 335, "T", "SMD", "+6V", "", "R", 44.59, 54.21, 0, 180],
		[95, "R12_1", 1535.63, 1125, "T", "SMD", "$1N5680", "", "R", 44.59, 54.21, 0, 0],
		[96, "R12_2", 1614.37, 1125, "T", "SMD", "$1N5691", "", "R", 44.59, 54.21, 0, 0],
		[97, "R13_1", 1825, 865.63, "T", "SMD", "$1N3655", "", "R", 44.59, 54.21, 0, 90],
		[98, "R13_2", 1825, 944.37, "T", "SMD", "$1N3650", "", "R", 44.59, 54.21, 0, 90],
		[99, "R14_1", 1410.63, 560, "T", "SMD", "$1N3677", "", "R", 44.59, 54.21, 0, 0],
		[100, "R14_2", 1489.37, 560, "T", "SMD", "$1N3672", "", "R", 44.59, 54.21, 0, 0],
		[101, "U1_1", 847.37, 1045, "T", "SMD", "$1N661", "", "O", 23.43, 77.46, 0, 270],
		[102, "U1_2", 847.37, 995, "T", "SMD", "$1N661", "", "O", 23.43, 77.46, 0, 270],
		[103, "U1_3", 847.37, 945, "T", "SMD", "$1N668", "", "O", 23.43, 77.46, 0, 270],
		[104, "U1_4", 847.37, 895, "T", "SMD", "+12V", "", "O", 23.43, 77.46, 0, 270],
		[105, "U1_5", 847.37, 845, "T", "SMD", "$1N1197", "", "O", 23.43, 77.46, 0, 270],
		[106, "U1_6", 847.37, 795, "T", "SMD", "$1N1190", "", "O", 23.43, 77.46, 0, 270],
		[107, "U1_7", 847.37, 745, "T", "SMD", "$1N1190", "", "O", 23.43, 77.46, 0, 270],
		[108, "U1_8", 1062.63, 745, "T", "SMD", "$1N1820", "", "O", 23.43, 77.46, 0, 270],
		[109, "U1_9", 1062.63, 795, "T", "SMD", "$1N1820", "", "O", 23.43, 77.46, 0, 270],
		[110, "U1_10", 1062.63, 845, "T", "SMD", "$1N2197", "", "O", 23.43, 77.46, 0, 270],
		[111, "U1_11", 1062.63, 895, "T", "SMD", "AGND", "", "O", 23.43, 77.46, 0, 270],
		[112, "U1_12", 1062.63, 945, "T", "SMD", "$1N1844", "", "O", 23.43, 77.46, 0, 270],
		[113, "U1_13", 1062.63, 995, "T", "SMD", "$1N1848", "", "O", 23.43, 77.46, 0, 270],
		[114, "U1_14", 1062.63, 1045, "T", "SMD", "$1N1848", "", "O", 23.43, 77.46, 0, 270],
		[115, "U2_1", 540.63, 835, "T", "SMD", "$1N645", "", "R", 44.59, 54.21, 0, 0],
		[116, "U2_2", 619.37, 835, "T", "SMD", "$1N661", "", "R", 44.59, 54.21, 0, 0],
		[117, "U3_1", 1475.85, 1050, "T", "SMD", "$1N5680", "", "O", 23.15, 80.51, 0, 270],
		[118, "U3_2", 1475.85, 1000, "T", "SMD", "$1N5691", "", "O", 23.15, 80.51, 0, 270],
		[119, "U3_3", 1475.85, 950, "T", "SMD", "$1N2821", "", "O", 23.15, 80.51, 0, 270],
		[120, "U3_4", 1475.85, 900, "T", "SMD", "AGND", "", "O", 23.15, 80.51, 0, 270],
		[121, "U3_5", 1694.15, 900, "T", "SMD", "$1N5680", "", "O", 23.15, 80.51, 0, 270],
		[122, "U3_6", 1694.15, 950, "T", "SMD", "$1N3650", "", "O", 23.15, 80.51, 0, 270],
		[123, "U3_7", 1694.15, 1000, "T", "SMD", "$1N3672", "", "O", 23.15, 80.51, 0, 270],
		[124, "U3_8", 1694.15, 1050, "T", "SMD", "+12V", "", "O", 23.15, 80.51, 0, 270],
		[125, "U4_1", 1510, 1280, "T", "DIP", "$1N5691", "", "C", 60, 60, 30, 0],
		[126, "U4_1", 1510, 1280, "B", "DIP", "$1N5691", "", "C", 60, 60, 30, 0],
		[127, "U4_2", 1610, 1280, "T", "DIP", "$1N5691", "", "C", 60, 60, 30, 0],
		[128, "U4_2", 1610, 1280, "B", "DIP", "$1N5691", "", "C", 60, 60, 30, 0],
		[129, "U4_3", 1710, 1280, "T", "DIP", "$1N4253", "", "C", 60, 60, 30, 0],
		[130, "U4_3", 1710, 1280, "B", "DIP", "$1N4253", "", "C", 60, 60, 30, 0],
		[131, "U5_1", 1469.37, 230, "T", "DIP", "$1N3690", "", "C", 43.31, 43.31, 23.62, 180],
		[132, "U5_1", 1469.37, 230, "B", "DIP", "$1N3690", "", "C", 43.31, 43.31, 23.62, 180],
		[133, "U5_2", 1390.63, 230, "T", "DIP", "AGND", "", "C", 43.31, 43.31, 23.62, 180],
		[134, "U5_2", 1390.63, 230, "B", "DIP", "AGND", "", "C", 43.31, 43.31, 23.62, 180]
	]
}
}